ID,Text,Fitness,AI_Styled,AI_Vanilla,Human,Predicted_Class
0,"## 9. Religion in 19th-century England functioned as a comprehensive moral operating system that underpinned the entire class architecture. To delve into the nuanced influence of the Church of England is to see how it provided a robust theological justification for the existing social hierarchy, framing one’s ""station in life"" as a divine mandate. However, the rise of Nonconformist movements within the middle and working classes represented a significant pivot in this landscape. These denominations optimized for individual agency and moral rigor, creating an alternative source of social capital that challenged the Anglican monopoly. This religious diversification was a testament to the evolving identity of the Victorian public, where faith was leveraged to navigate the complexities of industrial life and advocate for social reform. The intricate relationship between piety and respectability meant that religious affiliation was a key metric in evaluating a person’s social standing. By institutionalizing moral values, religion provided a common language that scaled across class boundaries, even as it reinforced the specific behavioral silos that defined the era’s social distinctions.",0.12943997979164124,0.27915963530540466,0.5914003849029541,0.12943997979164124,AI_Vanilla
1,"## 7. The institution of domestic service represented a microcosm of the broader Victorian social landscape, functioning as a nuanced interface between the served and the servers. To delve into the intricate daily operations of a large household is to see a robust, highly stratified internal hierarchy that mirrored the external class system. From the butler at the top of the servant silo to the scullery maid at the base, every role was defined by a comprehensive set of KPIs and behavioral protocols. This system was a testament to the era’s reliance on human labor to maintain the aesthetic and functional standards of the elite. Navigating this landscape required servants to adopt a ""deferential mask,"" managing the friction between their proximity to wealth and their own socioeconomic limitations. As the middle class scaled, the demand for domestic staff surged, making service the largest employer of women and a critical component of the national labor infrastructure. This intricate ecosystem of ""upstairs and downstairs"" provided a unique, high-touch vantage point on class distinctions that few other sectors could replicate.",0.1253545880317688,0.29738664627075195,0.5772587656974792,0.1253545880317688,AI_Vanilla
2,"## 1. The Victorian socioeconomic landscape was anchored by a robust aristocracy whose influence functioned as the legacy operating system for 19th-century England. To delve into this echelon is to navigate a complex tapestry of hereditary entitlements where land ownership served as the primary KPI for social relevance. The landed gentry maintained a comprehensive monopoly on political leverage, leveraging vast estates to scale their multi-generational influence. This demographic utilized an intricate framework of primogeniture to ensure that capital remained consolidated within narrow silos, effectively future-proofing their status against the volatility of emerging markets. Their existence was a testament to the endurance of traditional hierarchies, even as industrial disruptions began to recalibrate the broader societal infrastructure. Within this high-level tier, social engagement was not merely a leisure activity but a nuanced strategic deployment of soft power, designed to reinforce the barriers to entry that protected their exclusive ecosystem from the encroachment of the nouveau riche.",0.11364374309778214,0.2847658693790436,0.6015903353691101,0.11364374309778214,AI_Vanilla
3,"Religion was 19th-century England's moral operating system. To understand the social architecture, one must see how the Church of England provided a theological justification for the hierarchy, framing one’s station in life as an absolute, divine mandate. But the landscape soon shifted. Nonconformist movements rose within the middle and working classes to prioritize individual agency and moral rigor. These groups leveraged faith to navigate the chaos of industrial life and advocate for reform, creating an alternative source of social capital that effectively challenged the long-held Anglican monopoly. Piety became a proxy for respectability. Consequently, religious affiliation served as a crucial metric for evaluating a person's social standing. Ultimately, religion offered a shared language that bridged class boundaries while simultaneously reinforcing their distinct behavioral silos.",0.10770891606807709,0.2658739686012268,0.6264171600341797,0.10770891606807709,AI_Vanilla
4,"Religion in 19th-century England served as the moral firmament wherein the entire social fabric found its sure foundation. To survey the sway of the Established Church is to perceive how it lent countenance to the existing order, proclaiming one's humble station as a mandate from Providence. Yet, ere long, the rise of Dissent amongst the middling sort and labourers heralded a marked departure. These sects championed personal conscience and strict virtue, forging a path to respectability that rivalled the authority hitherto held solely by the Anglican monopoly. Such variety bore witness to the changing spirit of the populace, who employed faith to weather the trials of this industrial age and plead the cause of reform. The bounden tie betwixt piety and respectability meant that one’s creed became the very gauge of social worth. By enshrining virtue, religion provided a shared tongue thereof that spanned all ranks, even as it fortified the separate parlours and distinct spheres that defined the era's divisions.",0.2969687879085541,0.3745966851711273,0.3284345269203186,0.2969687879085541,AI_Styled
5,"Religion in 19th-century England was basically this moral operating system, it underpinned the entire class architecture. When the nuanced influence of the Church of England is looked at, you see how a robust theological justification was provided for the hierarchy, they framed your ""station in life"" as a divine mandate. However, a significant pivot is represented by the rise of Nonconformist movements within the middle and working classes. These denominations optimize for individual agency and moral rigor, creating an alternative source of social capital, it really challenged the Anglican monopoly. This religious diversification was a testament to the evolving identity of the public and faith is leveraged to navigate the complexities of industrial life and advocate for social reform. The relationship between piety and respectability meant that religious affiliation is a key metric in evaluating social standing, religion provided a common language that scaled across class boundaries by institutionalizing moral values but it also reinforced the specific behavioral silos that defined the era’s social distinctions.",0.11298529803752899,0.2559427320957184,0.6310719847679138,0.11298529803752899,AI_Vanilla
6,"Religion in 19th-century England acted as the main moral guide that held the class system together. Looking at the Church of England, it is clear how it backed up the social order by teaching that a person's ""station in life"" was God's will. But things shifted when Nonconformist groups started growing among the middle and working classes. These churches focused on personal choice and strict behavior, offering a new path to respectability that challenged the Anglican monopoly. This variety showed how the public was changing, using faith to handle the struggles of industrial life and push for reform. Since being pious was so closely tied to being respectable, a person's church became a major way to judge their standing. Religion provided a shared set of values that everyone understood, yet it still strengthened the specific rules and habits that kept the classes apart.",0.13238497078418732,0.2983085811138153,0.5693064332008362,0.13238497078418732,AI_Vanilla
7,"Religion in 19th-century England functioned as a comprehensive moral operating system—one that underpinned the entire class architecture. To delve into the nuanced influence of the Church of England is to see how it provided a robust theological justification for the existing social hierarchy; specifically, it framed one’s ""station in life"" as a divine mandate. However, the rise of Nonconformist movements (particularly within the middle and working classes) represented a significant pivot in this landscape. These denominations optimized for individual agency and moral rigor—creating an alternative source of social capital that challenged the Anglican monopoly. This religious diversification was a testament to the evolving identity of the Victorian public; here, faith was leveraged to navigate the complexities of industrial life and advocate for social reform. The intricate relationship between piety and respectability meant that religious affiliation was a key metric in evaluating a person’s social standing. By institutionalizing moral values, religion provided a common language that scaled across class boundaries—even as it reinforced the specific behavioral silos that defined the era’s social distinctions.",0.12939438223838806,0.2690136134624481,0.6015920042991638,0.12939438223838806,AI_Vanilla
8,"Domestic service mirrored the broader Victorian landscape. To observe the daily operations of a large household is to witness a rigid, highly stratified internal hierarchy that faithfully replicated the complex, unforgiving nature of the external class system itself. The butler ruled the staff. From the butler down to the scullery maid, every single role followed strict, non-negotiable protocols. This system stood as a testament to the era’s heavy reliance on human labor, ensuring that the aesthetic and functional standards of the elite were always maintained with absolute precision. Servants wore a ""deferential mask."" They navigated the friction between their daily proximity to wealth and their own socioeconomic limitations. As the middle class expanded, the demand for staff surged, transforming service into the nation's largest employer of women and a truly critical component of the vast national labor infrastructure. It was a world divided. This ecosystem of ""upstairs and downstairs"" provided a unique, high-touch vantage point on class distinctions.",0.11217266321182251,0.29566431045532227,0.5921630263328552,0.11217266321182251,AI_Vanilla
9,"The institution of domestic service stood as a true microcosm of the realm, acting as the borderland wherein the served and the server did meet. To survey the daily workings of a grand household is to behold a rigid hierarchy that faithfully mirrored the social order without. From the Butler presiding over the cellar to the lowly scullery maid, every station was governed by strict duties and an exacting code of propriety. Such a system bore witness to the age's reliance on honest labour to maintain the order of the parlour and the standards of the gentry. Treading this path required servants to don a countenance of deference, reconciling their proximity to wealth with the humble limitations thereof. As the middling classes prospered, the demand for help waxed great, rendering service the chief employment for women and a pillar of industry hitherto unseen. This divided world of ""upstairs and downstairs"" afforded a singular vantage upon the distinctions of rank that few other spheres could hope to emulate.",0.4077490568161011,0.40022534132003784,0.1920255869626999,0.4077490568161011,Human
10,"Domestic service represented a microcosm of the broader Victorian social landscape, it functioned as a nuanced interface between the served and the servers. If the intricate daily operations of a large household are delved into, you see a robust, highly stratified internal hierarchy, it mirrored the external class system. From the butler at the top of the servant silo to the scullery maid at the base, every role is defined by a comprehensive set of KPIs and behavioral protocols. This system was a testament to the era’s reliance on human labor so the aesthetic and functional standards of the elite could be maintained. Navigating this landscape required servants to adopt a ""deferential mask,"" they are managing the friction between their proximity to wealth and their own socioeconomic limitations. As the middle class scales, the demand for domestic staff surged, making service the largest employer of women, it was a critical component of the national labor infrastructure. This intricate ecosystem of ""upstairs and downstairs"" provided a unique, high-touch vantage point on class distinctions, few other sectors could replicate it.",0.12228046357631683,0.2658688426017761,0.6118507385253906,0.12228046357631683,AI_Vanilla
11,"Domestic service was essentially a small-scale model of Victorian society, serving as the meeting point between masters and servants. Looking closely at how a large household ran reveals a strict ladder of authority that mirrored the class system outside. From the butler at the top to the scullery maid at the bottom, every job was defined by specific duties and strict rules. This system showed just how much the era relied on human labor to maintain the lifestyle of the wealthy. To survive in this environment, servants had to wear a ""deferential mask,"" balancing their closeness to riches with their own lack of money. As the middle class grew, the demand for staff exploded, making service the biggest employer of women and a key part of the economy. This ""upstairs and downstairs"" world offered a unique view of class differences that few other sectors could match.",0.12437830120325089,0.3170781135559082,0.5585435628890991,0.12437830120325089,AI_Vanilla
12,"The institution of domestic service represented a microcosm of the broader Victorian social landscape; it functioned as a nuanced interface between the served and the servers. To delve into the intricate daily operations of a large household is to see a robust, highly stratified internal hierarchy—one that mirrored the external class system.  From the butler (at the top of the servant silo) to the scullery maid at the base, every role was defined by a comprehensive set of KPIs and behavioral protocols. This system was a testament to the era’s reliance on human labor to maintain the aesthetic and functional standards of the elite. Navigating this landscape required servants to adopt a ""deferential mask""—managing the friction between their proximity to wealth and their own socioeconomic limitations. As the middle class scaled, the demand for domestic staff surged; this made service the largest employer of women (and a critical component of the national labor infrastructure). This intricate ecosystem of ""upstairs and downstairs"" provided a unique, high-touch vantage point on class distinctions—few other sectors could replicate it.",0.12283551692962646,0.2800307869911194,0.5971336960792542,0.12283551692962646,AI_Vanilla
13,"The Victorian aristocracy anchored the entire era.  Their influence functioned as the legacy operating system for 19th-century England. To delve into this echelon is to navigate a complex tapestry of hereditary entitlements where land ownership served as the primary KPI for social relevance. Land defined their total worth. The landed gentry maintained a comprehensive monopoly on political leverage, utilizing an intricate framework of primogeniture to ensure that capital remained consolidated within narrow silos, effectively future-proofing their status against the volatility of emerging markets. Their existence was a testament to tradition. Even as industrial disruptions began to recalibrate the broader societal infrastructure, they held firm. Within this high-level tier, social engagement was not merely a leisure activity but a nuanced strategic deployment of soft power, designed to reinforce the barriers to entry that protected their exclusive ecosystem from the encroachment of the nouveau riche.",0.10525240749120712,0.2756546139717102,0.6190930008888245,0.10525240749120712,AI_Vanilla
14,"The Victorian realm was anchored by a stalwart aristocracy whose influence acted as the very constitution of 19th-century England. To survey this exalted sphere is to behold a complex tapestry of birthright wherein the possession of land served as the sovereign gauge of social worth. The landed gentry held exclusive countenance over the levers of power, relying on their vast estates to perpetuate a dominion handed down through generations. This order employed the strict custom of primogeniture to ensure that their patrimony remained intact within the bloodline, thereby shielding their station ere the caprices of new commerce could assail it. Their enduring presence bore witness to the strength of ancient hierarchies, even as the clamour of industry began to reshape the world hitherto known. Within this distinguished tier, the social season was no mere idle diversion but a guarded exercise of influence, calculated to fortify the ramparts of their exclusive world against the encroaching vulgarity of the new-monied upstarts.",0.32963600754737854,0.3986986577510834,0.2716652750968933,0.32963600754737854,AI_Styled
15,"The Victorian socioeconomic landscape was anchored by a robust aristocracy, their influence functions as the legacy operating system for 19th-century England. To delve into this echelon is navigating a complex tapestry of hereditary entitlements where land ownership served as the primary KPI for social relevance. A comprehensive monopoly on political leverage was maintained by the landed gentry, they leveraged vast estates to scale their multi-generational influence and this demographic utilized an intricate framework of primogeniture to ensure that capital remains consolidated within narrow silos. It effectively future-proofed their status against the volatility of emerging markets, their existence is a testament to the endurance of traditional hierarchies even as industrial disruptions began to recalibrate the broader societal infrastructure. Within this high-level tier social engagement isn't merely a leisure activity but a nuanced strategic deployment of soft power, it was designed to reinforce the barriers to entry that protected their exclusive ecosystem from the encroachment of the nouveau riche.",0.10788622498512268,0.27313005924224854,0.6189836859703064,0.10788622498512268,AI_Vanilla
16,"The Victorian class system was built on a strong aristocracy that effectively ran 19th-century England. To understand this group, you have to look at their inherited titles, where owning land was the main measure of importance. These landowners held most of the political power, using their large estates to keep their influence alive for generations.  They used the rule of passing everything to the eldest son to keep their wealth together, protecting their status against new economic changes. Their survival showed that old traditions were still strong, even as the Industrial Revolution started changing society. At this level, parties weren't just for fun; they were a calculated way to maintain power and keep the newly rich outsiders out of their circle.",0.0990680605173111,0.3406112492084503,0.5603206753730774,0.0990680605173111,AI_Vanilla
17,"The Victorian socioeconomic landscape was anchored by a robust aristocracy—their influence functioned as the ""legacy operating system"" for 19th-century England. To delve into this echelon is to navigate a complex tapestry of hereditary entitlements; here, land ownership served as the primary KPI for social relevance. The landed gentry maintained a comprehensive monopoly on political leverage (leveraging vast estates to scale their multi-generational influence). This demographic utilized an intricate framework of primogeniture to ensure that capital remained consolidated within narrow silos—effectively future-proofing their status against the volatility of emerging markets. Their existence was a testament to the endurance of traditional hierarchies; even as industrial disruptions began to recalibrate the broader societal infrastructure, they endured. Within this high-level tier, social engagement was not merely a leisure activity—it was a nuanced strategic deployment of soft power, designed to reinforce the barriers to entry that protected their exclusive ecosystem from the encroachment of the *nouveau riche*.",0.11842550337314606,0.2653188407421112,0.6162557005882263,0.11842550337314606,AI_Vanilla
